{ "contents": [
  {
    "category": "Open2019",
    "monthlySales":
      [
        {
          "Date":20190101,
          "Price":1330.102
          
         },
         {
          "Date":20190201,
          "Price":1167.348
          
         },
         {
          "Date":20190301,
          "Price":1171.258
        
         },
         {
          "Date":20190401,
          "Price":1121.474
         
         },
         {
          "Date":20190501,
          "Price":970.36
         
         },
         {
          "Date":20190601,
          "Price":853.122
          
         },
         {
          "Date":20190701,
          "Price":1061.412
          
         },
         {
          "Date":20190801,
          "Price":994.16
          
         },
         {
          "Date":20190901,
          "Price":948.282
         
         },
         {
          "Date":20191001,
          "Price":1214.148
          
         },
         {
          "Date":20191101,
          "Price":1355.228
          
         },
         {
          "Date":20191201,
          "Price":1573.724
          
         }
      ]
    }
  
  ]} 