[
{
   "name":"2020 Prices",
   "parent":"Top Price",
   "children":[
     {
       "name":"Open Price",
       "parent":"2020 Prices",
       "children":[
         {
           "name":"January",
           "parent":"Open Price",
           "value":2196.79
         },
         {
           "name":"December",
           "parent":"Open Price",
           "value":13893.09
         }
       ]
     },
     {
       "name":"High Price",
       "parent":"2020 Prices",
       "children":[
         {
           "name":"January",
           "parent":"High Price",
           "value":2253
         },
         {
           "name":"December",
           "parent":"High Price",
           "value":14252.09
         }
       ]
     },
     {
       "name":"Low Price",
       "parent":"2020 Prices",
       "children":[
         {
           "name":"January",
           "parent":"Low Price",
           "value":2161.69
         },
         {
           "name":"December",
           "parent":"Low Price",
           "value":13540.06
         }
       ]
     },
     {
       "name":"Close Price",
       "parent":"2020 Prices",
       "children":[
         {
           "name":"January",
           "parent":"Close Price",
           "value":2220.36
         },
         {
           "name":"December",
           "parent":"Close Price",
           "value":14054.01
         }
       ]
     }
   ]
 }
]