{ "contents": [
    {
          
      "category": " 2020 Open Price ",
      "YearPrice":
      [
        {
            "Date": 20200101,
            "Price": 2196.79
          
         },
         {
            "Date":20200201,
            "Price":3020.066
          
         },
         {
            "Date":20200301,
            "Price":2481.272
        
         },
         {
            "Date":20200401,
            "Price":2794.238
         
         },
         {
            "Date":20200501,
            "Price":3196.24
         
         },
         {
            "Date":20200601,
            "Price":4216.052
          
         },
         {
            "Date":20200701,
            "Price":6445.736
          
         },
         {
            "Date":20200801,
            "Price":7444.758
          
         },
         {
            "Date":20200901,
            "Price":8699.94
         
         },
         {
            "Date":20201001,
            "Price":9470.79
          
         },
         {
            "Date":20201101,
            "Price":9285.46
          
         },
         {
            "Date":20201201,
            "Price":13893.09
          
         }
      ]},
      {
      "category": "2020 High Price",
      "YearPrice":
      [
        {
          "Date":20200101,
          "Price": 2253
         },
         {
          "Date":20200201,
          "Price":3156.88
         },
         {
          "Date":20200301,
          "Price":2583.05
         },
         {
          "Date":20200401,
          "Price":2883.72
         },
         {
          "Date":20200501,
          "Price":3262.94
         },
         {
          "Date":20200601,
          "Price":4315.80
          
         },
         {
          "Date":20200701,
          "Price":6666.54
          
         },
         {
          "Date":20200801,
          "Price":7714.51
         },
         {
          "Date":20200901,
          "Price":8993.40
         },
         {
          "Date":20201001,
          "Price":9610.30
         },
         {
          "Date":20201101,
          "Price":9521.67
          
         },
         {
          "Date":20201201,
          "Price":14252.09
         }
      ]
    },
    {
      "category": "2020 Low Price",
      "YearPrice":
      [
        {
          "Date":20200101,
          "Price": 2161.69
          
         },
         {
          "Date":20200201,
          "Price":2912.47
          
         },
         {
          "Date":20200301,
          "Price":2353.42
          
         },
         {
          "Date":20200401,
          "Price":2692.46
          
         },
         {
          "Date":20200501,
          "Price":3128.38
          
         },
         {
          "Date":20200601,
          "Price":4130.14
          
         },
         {
          "Date":20200701,
          "Price":6188.86
         },
         {
          "Date":20200801,
          "Price":7273.33
         },
         {
          "Date":20200901,
          "Price":8308.97
         },
         {
          "Date":20201001,
          "Price":9267.01
         },
         {
          "Date":20201101,
          "Price":9066.71
         },
         {
          "Date":20201201,
          "Price":13540.06
          
         }
      ]},
      {
        "category": "2020 Close Price",
        "YearPrice":
        [
          {
            "Date":20200101,
            "Price": 2220.36
           },
           {
            "Date":20200201,
            "Price":3030.29
           },
           {
            "Date":20200301,
            "Price":2460.04
           },
           {
            "Date":20200401,
            "Price":2787.11
           },
           {
            "Date":20200501,
            "Price":3197.70
           },
           {
            "Date":20200601,
            "Price":4239.58
           },
           {
            "Date":20200701,
            "Price":6424.61
           },
           {
            "Date":20200801,
            "Price":7561.25 
           },
           {
            "Date":20200901,
            "Price":8683.40 
           },
           {
            "Date":20201001,
            "Price":9398.60
           },
           {
            "Date":20201101,
            "Price":9312.24 
           },
           {
            "Date":20201201,
            "Price":14054.01
           }
        ]
      }
]}


