{ "contents": [
{
    "category": "Tesla Price 2020",
    "YearPrice":

   [
       {
        "Date": 20200101,
        "Open": 2196.79,
        "High": 2253,
        "Low": 2161.69,
        "Close": 2220.36
       },
       {
        "Date":20200201,
        "Open":3020.066,
        "High":3156.88,
        "Low":2912.47,
        "Close":3030.29
        },
        {
        "Date":20200301,
        "Open":2481.272,
        "High":2583.05,
        "Low":2353.42,
        "Close":2460.04
        },
        {
        "Date":20200401,
        "Open":2794.238,
        "High":2883.72,
        "Low":2692.46,
        "Close":2787.11
        },
        {
        "Date":20200501,
        "Open":3196.24,
        "High":3262.94,
        "Low":3128.38,
        "Close":3197.70
        },
        {
        "Date":20200601,
        "Open":4216.052,
        "High":4315.80,
        "Low":4130.14,
        "Close":4239.58
        },
        {
        "Date":20200701,
        "Open":6445.736,
        "High":6666.54,
        "Low":6188.86,
        "Close":6424.61
        },
        {
        "Date":20200801,
        "Open":7444.758,
        "High":7714.51,
        "Low":7273.33,
        "Close":7561.25 
        },
        {
        "Date":20200901,
        "Open":8699.94,
        "High":8993.40,
        "Low":8308.97,
        "Close":8683.40 
        },
        {
        "Date":20201001,
        "Open":9470.79,
        "High":9610.30,
        "Low":9267.01,
        "Close":9398.60
        },
        {
        "Date":20201101,
        "Open":9285.46,
        "High":9521.67,
        "Low":9066.71,
        "Close":9312.24 
        },
        {
        "Date":20201201,
        "Open":13893.09,
        "High":14252.09,
        "Low":13540.06,
        "Close":14054.01
        }
   ]
   
  }
  ]}
