{ "contents": [
    {
          
      "category": "Tesla Price 2019",
      "YearPrice":
      [
        {
          "Date":20190101,
          "Open":1330.102,
          "High":1358.758,
          "Low":1303.93,
          "Close":1337.676
         },
         {
          "Date":20190201,
          "Open":1167.348,
          "High":1184.666,
          "Low":1149.908,
          "Close":1169.368
         },
         {
          "Date":20190301,
          "Open":1171.258,
          "High":1187.45,
          "Low":1148.488,
          "Close":1166.58
         },
         {
          "Date":20190401,
          "Open":1121.474,
          "High":1137.416,
          "Low":1101.728,
          "Close":1119.954
         },
         {
          "Date":20190501,
          "Open":970.36,
          "High":986.916,
          "Low":947.738,
          "Close":966.748
         },
         {
          "Date":20190601,
          "Open":853.122,
          "High":872.328,
          "Low":837.934,
          "Close":854.866
         },
         {
          "Date":20190701,
          "Open":1061.412,
          "High":1077.950,
          "Low":1048.112,
          "Close":1066.482
         },
         {
          "Date":20190801,
          "Open":994.16,
          "High":1007.534,
          "Low":975.3,
          "Close":990.452
         },
         {
          "Date":20190901,
          "Open":948.282,
          "High":964.902,
          "Low":932.234,
          "Close":949.046
         },
         {
          "Date":20191001,
          "Open":1214.148,
          "High":1242.016,
          "Low":1198.89,
          "Close":1225.232
         },
         {
          "Date":20191101,
          "Open":1355.228,
          "High":1370.316,
          "Low":1335.558,
          "Close":1353.2
         },
         {
          "Date":20191201,
          "Open":1573.724,
          "High":1603.298,
          "Low":1558.252,
          "Close":1586.318
         }
      ]
    }
]}

