{ "contents": [
    {"category":[
      {"YearPrice":
      [
        {
          "Date":"Jan",
          "Price":1330.102
          
         },
         {
          "Date":"Feb",
          "Price":1167.348
          
         },
         {
          "Date":"Mar",
          "Price":1171.258
        
         },
         {
          "Date":"Apr",
          "Price":1121.474
         
         },
         {
          "Date":"May",
          "Price":970.36
         
         },
         {
          "Date":"Jun",
          "Price":853.122
          
         },
         {
          "Date":"Jul",
          "Price":1061.412
          
         },
         {
          "Date":"Aug",
          "Price":994.16
          
         },
         {
          "Date":"Sep",
          "Price":948.282
         
         },
         {
          "Date":"Oct",
          "Price":1214.148
          
         },
         {
          "Date":"Nov",
          "Price":1355.228
          
         },
         {
          "Date":"Dec",
          "Price":1573.724
         }
        ]}
      ]}


      
          ]}




