{ "contents": [
    {"category":[
      {"YearPrice":
      [
        {
          "Date":"Jan",
          "Price":1303.93
          
         },
         {
          "Date":"Feb",
          "Price":949.908
          
         },
         {
          "Date":"Mar",
          "Price":1148.488
          
         },
         {
          "Date":"Apr",
          "Price":1501.728
          
         },
         {
          "Date":"May",
          "Price":747.738
          
         },
         {
          "Date":"Jun",
          "Price":837.934
          
         },
         {
          "Date":"Jul",
          "Price":1048.112
         },
         {
          "Date":"Aug",
          "Price":1375.3
         },
         {
          "Date":"Sep",
          "Price":932.234
         },
         {
          "Date":"Oct",
          "Price":1198.89
         },
         {
          "Date":"Nov",
          "Price":1335.558
         },
         {
          "Date":"Dec",
          "Price":1758.252
          
         }
        ]}
      ]}


      
          ]}




