{ "contents": [
    {"category":[
      {"YearPrice":
      [
        {
          "Date":"Jan",
          "Price":2358.758
          
         },
         {
          "Date":"Feb",
          "Price":1984.666
          
         },
         {
          "Date":"Mar",
          "Price":2187.45
        
         },
         {
          "Date":"Apr",
          "Price":1637.416
         
         },
         {
          "Date":"May",
          "Price":2986.916
         
         },
         {
          "Date":"Jun",
          "Price":2872.328
          
         },
         {
          "Date":"Jul",
          "Price":2077.950
          
         },
         {
          "Date":"Aug",
          "Price":2007.534
          
         },
         {
          "Date":"Sep",
          "Price":1964.902
         
         },
         {
          "Date":"Oct",
          "Price":2242.016
          
         },
         {
          "Date":"Nov",
          "Price":2370.316
          
         },
         {
          "Date":"Dec",
          "Price":2603.298
         }
        ]}
      ]}


      
          ]}




