{ "contents": [
    {"category":[
      {"YearPrice":
      [
        {
          "Date":"Jan",
          "Price":1337.676
         },
         {
          "Date":"Feb",
          "Price":1169.368
         },
         {
          "Date":"Mar",
          "Price":1266.58
         },
         {
          "Date":"Apr",
          "Price":1519.954
         },
         {
          "Date":"May",
          "Price":1966.748
         },
         {
          "Date":"Jun",
          "Price":1254.866
         },
         {
          "Date":"Jul",
          "Price":1066.482
         },
         {
          "Date":"Aug",
          "Price":990.452
         },
         {
          "Date":"Sep",
          "Price":849.046
         },
         {
          "Date":"Oct",
          "Price":1225.232
         },
         {
          "Date":"Nov",
          "Price":1353.2
         },
         {
          "Date":"Dec",
          "Price":1586.318
         }
        ]}
      ]}


      
          ]}




