{ "contents": [
    {"category":[
      {"YearPrice":
      [
        {
          "Date": "Jan",
          "Price": 2196.79
        
       },
       {
          "Date":"Feb",
          "Price":3020.066
        
       },
       {
          "Date":"Mar",
          "Price":2481.272
      
       },
       {
          "Date":"Apr",
          "Price":2794.238
       
       },
       {
          "Date":"May",
          "Price":3196.24
       
       },
       {
          "Date":"Jun",
          "Price":4216.052
        
       },
       {
          "Date":"Jul",
          "Price":6445.736
        
       },
       {
          "Date":"Aug",
          "Price":7444.758
        
       },
       {
          "Date":"Sep",
          "Price":8699.94
       
       },
       {
          "Date":"Oct",
          "Price":9470.79
        
       },
       {
          "Date":"Nov",
          "Price":9285.46
        
       },
       {
          "Date":"Dec",
          "Price":13893.09
        
       }
        ]}
      ]}


      
          ]}




