{ "contents": [
    {"category":[
      {"YearPrice":
      [
        {
          "Date":"Jan",
          "Price": 2253
         },
         {
          "Date":"Feb",
          "Price":3156.88
         },
         {
          "Date":"Mar",
          "Price":2583.05
         },
         {
          "Date":"Apr",
          "Price":2883.72
         },
         {
          "Date":"May",
          "Price":3262.94
         },
         {
          "Date":"Jun",
          "Price":4315.80
          
         },
         {
          "Date":"Jul",
          "Price":6666.54
          
         },
         {
          "Date":"Aug",
          "Price":7714.51
         },
         {
          "Date":"Sep",
          "Price":8993.40
         },
         {
          "Date":"Oct",
          "Price":9610.30
         },
         {
          "Date":"Nov",
          "Price":9521.67
          
         },
         {
          "Date":"Dec",
          "Price":14252.09
         }
        ]}
      ]}


      
          ]}




