{ "contents": [
    {"category":[
      {"YearPrice":
      [
        {
          "Date":"Jan",
          "Price": 2220.36
         },
         {
          "Date":"Feb",
          "Price":3030.29
         },
         {
          "Date":"Mar",
          "Price":2460.04
         },
         {
          "Date":"Apr",
          "Price":2787.11
         },
         {
          "Date":"May",
          "Price":3197.70
         },
         {
          "Date":"Jun",
          "Price":4239.58
         },
         {
          "Date":"Jul",
          "Price":6424.61
         },
         {
          "Date":"Aug",
          "Price":7561.25 
         },
         {
          "Date":"Sep",
          "Price":8683.40 
         },
         {
          "Date":"Oct",
          "Price":9398.60
         },
         {
          "Date":"Nov",
          "Price":9312.24 
         },
         {
          "Date":"Dec",
          "Price":14054.01
         }
        ]}
      ]}


      
          ]}




