{ "contents": [
    {"category":[
      {"YearPrice":
      [
        {
          "Date":"Jan",
          "Price": 2161.69
          
         },
         {
          "Date":"Feb",
          "Price":2912.47
          
         },
         {
          "Date":"Mar",
          "Price":2353.42
          
         },
         {
          "Date":"Apr",
          "Price":2692.46
          
         },
         {
          "Date":"May",
          "Price":3128.38
          
         },
         {
          "Date":"Jun",
          "Price":4130.14
          
         },
         {
          "Date":"Jul",
          "Price":6188.86
         },
         {
          "Date":"Aug",
          "Price":7273.33
         },
         {
          "Date":"Sep",
          "Price":8308.97
         },
         {
          "Date":"Oct",
          "Price":9267.01
         },
         {
          "Date":"Nov",
          "Price":9066.71
         },
         {
          "Date":"Dec",
          "Price":13540.06
          
         }
        ]}
      ]}


      
          ]}




