{ "contents": [
    {"category":[
      {"YearPrice":
      [
        {
          "Date":"Jan",
          "Price":1330.102
          
         },
         {
          "Date":"Feb",
          "Price":1167.348
          
         },
         {
          "Date":"Mar",
          "Price":1171.258
        
         },
         {
          "Date":"Apr",
          "Price":1121.474
         
         },
         {
          "Date":"May",
          "Price":970.36
         
         },
         {
          "Date":"Jun",
          "Price":853.122
          
         },
         {
          "Date":"Jul",
          "Price":1061.412
          
         },
         {
          "Date":"Aug",
          "Price":994.16
          
         },
         {
          "Date":"Sep",
          "Price":948.282
         
         },
         {
          "Date":"Oct",
          "Price":1214.148
          
         },
         {
          "Date":"Nov",
          "Price":1355.228
          
         },
         {
          "Date":"Dec",
          "Price":1573.724
         }
        ]}
      ]},


      {"category":[
      {"YearPrice":
      [
        {
          "Date":20190101,
          "Price":2358.758
         },
         {
          "Date":20190201,
          "Price":1984.666
         },
         {
          "Date":20190301,
          "Price":2187.45
         },
         {
          "Date":20190401,
          "Price":1637.416
         },
         {
          "Date":20190501,
          "Price":2986.916
         },
         {
          "Date":20190601,
          "Price":2872.328
          
         },
         {
          "Date":20190701,
          "Price":2077.950
          
         },
         {
          "Date":20190801,
          "Price":2007.534
         },
         {
          "Date":20190901,
          "Price":1964.902
         },
         {
          "Date":20191001,
          "Price":2242.016
         },
         {
          "Date":20191101,
          "Price":2370.316
          
         },
         {
          "Date":20191201,
          "Price":2603.298
         }
      ]}
      ]},
    {
      "category":[
      {"YearPrice":
      [
        {
          "Date":20190101,
          "Price":1303.93
          
         },
         {
          "Date":20190201,
          "Price":949.908
          
         },
         {
          "Date":20190301,
          "Price":1148.488
          
         },
         {
          "Date":20190401,
          "Price":1501.728
          
         },
         {
          "Date":20190501,
          "Price":747.738
          
         },
         {
          "Date":20190601,
          "Price":837.934
          
         },
         {
          "Date":20190701,
          "Price":1048.112
         },
         {
          "Date":20190801,
          "Price":1375.3
         },
         {
          "Date":20190901,
          "Price":932.234
         },
         {
          "Date":20191001,
          "Price":1198.89
         },
         {
          "Date":20191101,
          "Price":1335.558
         },
         {
          "Date":20191201,
          "Price":1758.252
          
         }
        ]}
      ]},
      {
        "category": [
        {"YearPrice":
        [
          {
            "Date":20190101,
            "Price":1337.676
           },
           {
            "Date":20190201,
            "Price":1169.368
           },
           {
            "Date":20190301,
            "Price":1266.58
           },
           {
            "Date":20190401,
            "Price":1519.954
           },
           {
            "Date":20190501,
            "Price":1966.748
           },
           {
            "Date":20190601,
            "Price":1254.866
           },
           {
            "Date":20190701,
            "Price":1066.482
           },
           {
            "Date":20190801,
            "Price":990.452
           },
           {
            "Date":20190901,
            "Price":849.046
           },
           {
            "Date":20191001,
            "Price":1225.232
           },
           {
            "Date":20191101,
            "Price":1353.2
           },
           {
            "Date":20191201,
            "Price":1586.318
           }
        ]}
        ]}
          ]}




