  { "contents": [
    {
      "category": "Close1",
      "monthlySales":
      [
        {
          "Date":20190101,
          "Price":1337.676
         },
         {
          "Date":20190201,
          "Price":1169.368
         },
         {
          "Date":20190301,
          "Price":1266.58
         },
         {
          "Date":20190401,
          "Price":1519.954
         },
         {
          "Date":20190501,
          "Price":1966.748
         },
         {
          "Date":20190601,
          "Price":1254.866
         },
         {
          "Date":20190701,
          "Price":1066.482
         },
         {
          "Date":20190801,
          "Price":990.452
         },
         {
          "Date":20190901,
          "Price":849.046
         },
         {
          "Date":20191001,
          "Price":1225.232
         },
         {
          "Date":20191101,
          "Price":1353.2
         },
         {
          "Date":20191201,
          "Price":1586.318
         }
      ]
    },
    {
        "category": "Close2",
        "monthlySales":
          
        [
          {
            "Date":20200101,
            "Price": 2220.36
           },
           {
            "Date":20200201,
            "Price":3030.29
           },
           {
            "Date":20200301,
            "Price":2460.04
           },
           {
            "Date":20200401,
            "Price":2787.11
           },
           {
            "Date":20200501,
            "Price":3197.70
           },
           {
            "Date":20200601,
            "Price":4239.58
           },
           {
            "Date":20200701,
            "Price":6424.61
           },
           {
            "Date":20200801,
            "Price":7561.25 
           },
           {
            "Date":20200901,
            "Price":8683.40 
           },
           {
            "Date":20201001,
            "Price":9398.60
           },
           {
            "Date":20201101,
            "Price":9312.24 
           },
           {
            "Date":20201201,
            "Price":14054.01
           }
        ]
      }
    ]} 
  