  { "contents": [
    {
      "category": "High1",
      "monthlySales":
      [
        {
          "Date":20190101,
          "Price":2358.758
         },
         {
          "Date":20190201,
          "Price":1984.666
         },
         {
          "Date":20190301,
          "Price":2187.45
         },
         {
          "Date":20190401,
          "Price":1637.416
         },
         {
          "Date":20190501,
          "Price":2986.916
         },
         {
          "Date":20190601,
          "Price":2872.328
          
         },
         {
          "Date":20190701,
          "Price":2077.950
          
         },
         {
          "Date":20190801,
          "Price":2007.534
         },
         {
          "Date":20190901,
          "Price":1964.902
         },
         {
          "Date":20191001,
          "Price":2242.016
         },
         {
          "Date":20191101,
          "Price":2370.316
          
         },
         {
          "Date":20191201,
          "Price":2603.298
         }
      ]
    },
    {
        "category": "High2",
        "monthlySales":
          
        [
          {
            "Date":20200101,
            "Price": 2253
           },
           {
            "Date":20200201,
            "Price":3156.88
           },
           {
            "Date":20200301,
            "Price":2583.05
           },
           {
            "Date":20200401,
            "Price":2883.72
           },
           {
            "Date":20200501,
            "Price":3262.94
           },
           {
            "Date":20200601,
            "Price":4315.80
            
           },
           {
            "Date":20200701,
            "Price":6666.54
            
           },
           {
            "Date":20200801,
            "Price":7714.51
           },
           {
            "Date":20200901,
            "Price":8993.40
           },
           {
            "Date":20201001,
            "Price":9610.30
           },
           {
            "Date":20201101,
            "Price":9521.67
            
           },
           {
            "Date":20201201,
            "Price":14252.09
           }
        ]
      }
    ]} 
  