{ "contents": [
    {
      "category": "Open1",
      "monthlySales":
      [
        {
          "Date":20190101,
          "Price":1303.93
          
         },
         {
          "Date":20190201,
          "Price":949.908
          
         },
         {
          "Date":20190301,
          "Price":1148.488
          
         },
         {
          "Date":20190401,
          "Price":1501.728
          
         },
         {
          "Date":20190501,
          "Price":747.738
          
         },
         {
          "Date":20190601,
          "Price":837.934
          
         },
         {
          "Date":20190701,
          "Price":1048.112
         },
         {
          "Date":20190801,
          "Price":1375.3
         },
         {
          "Date":20190901,
          "Price":932.234
         },
         {
          "Date":20191001,
          "Price":1198.89
         },
         {
          "Date":20191101,
          "Price":1335.558
         },
         {
          "Date":20191201,
          "Price":1758.252
          
         }
      ]
    },
    {
        "category": "Open2",
        "monthlySales":
          
      [
        {
            "Date": 20200101,
            "Price": 2196.79
          
         },
         {
            "Date":20200201,
            "Price":3020.066
          
         },
         {
            "Date":20200301,
            "Price":2481.272
        
         },
         {
            "Date":20200401,
            "Price":2794.238
         
         },
         {
            "Date":20200501,
            "Price":3196.24
         
         },
         {
            "Date":20200601,
            "Price":4216.052
          
         },
         {
            "Date":20200701,
            "Price":6445.736
          
         },
         {
            "Date":20200801,
            "Price":7444.758
          
         },
         {
            "Date":20200901,
            "Price":8699.94
         
         },
         {
            "Date":20201001,
            "Price":9470.79
          
         },
         {
            "Date":20201101,
            "Price":9285.46
          
         },
         {
            "Date":20201201,
            "Price":13893.09
          
          }
        ]
      }
    ]} 