{ "contents": [
  {
    "category": "Open2019",
    "monthlySales":
      [
        {
          "Date":20190101,
          "Price":1330.102
          
         },
         {
          "Date":20190201,
          "Price":1167.348
          
         },
         {
          "Date":20190301,
          "Price":1171.258
        
         },
         {
          "Date":20190401,
          "Price":1121.474
         
         },
         {
          "Date":20190501,
          "Price":970.36
         
         },
         {
          "Date":20190601,
          "Price":853.122
          
         },
         {
          "Date":20190701,
          "Price":1061.412
          
         },
         {
          "Date":20190801,
          "Price":994.16
          
         },
         {
          "Date":20190901,
          "Price":948.282
         
         },
         {
          "Date":20191001,
          "Price":1214.148
          
         },
         {
          "Date":20191101,
          "Price":1355.228
          
         },
         {
          "Date":20191201,
          "Price":1573.724
          
         }
      ]
    },
  {
      "category": "Open2020",
      "monthlySales":
        
      [
         {
           "Date":20200101,
           "Price": 2161.69
           
          },
          {
           "Date":20200201,
           "Price":2912.47
           
          },
          {
           "Date":20200301,
           "Price":2353.42
           
          },
          {
           "Date":20200401,
           "Price":2692.46
           
          },
          {
           "Date":20200501,
           "Price":3128.38
           
          },
          {
           "Date":20200601,
           "Price":4130.14
           
          },
          {
           "Date":20200701,
           "Price":6188.86
          },
          {
           "Date":20200801,
           "Price":7273.33
          },
          {
           "Date":20200901,
           "Price":8308.97
          },
          {
           "Date":20201001,
           "Price":9267.01
          },
          {
           "Date":20201101,
           "Price":9066.71
          },
          {
           "Date":20201201,
           "Price":13540.06
           
          }
       ]
    }
  ]} 